,Aldersgrupper,Laboratoriebekræftede,Antal testede personer,Procent positiv
1,0-9,21,1365.9999999999998,1.5
2,10-19,53,1093.0,4.8
3,20-29,300,2885.0,10.4
4,30-39,394,4436.0,8.9
5,40-49,711,5385.0,13.2
6,50-59,660,4939.0,13.4
7,60-69,436,3645.0,12.0
8,70-79,436,3291.0000000000005,13.2
9,80-89,286,2256.0,12.7
10,90+,58,624.0,9.3
