,Aldersgrupper,Laboratoriebekræftede,Antal testede personer,Procent positiv
1,0-9,13,889.0,1.5
2,10-19,40,721.0,5.5
3,20-29,179,1501.0,11.9
4,30-39,211,2119.0,10.0
5,40-49,420,2585.0,16.2
6,50-59,309,2171.9999999999995,14.2
7,60-69,204,1720.9999999999998,11.9
8,70-79,192,1696.9999999999998,11.3
9,80-89,124,1161.0,10.7
10,90+,23,304.0,7.6
