,Aldersgrupper,Laboratoriebekræftede,Antal testede personer,Procent positiv
1,0-9,38,2061.0,1.8
2,10-19,102,1908.0000000000002,5.3
3,20-29,510,5180.0,9.8
4,30-39,643,7777.0,8.3
5,40-49,1.002,9533.999999999998,10.5
6,50-59,989,9302.0,10.6
7,60-69,656,6553.0,10.0
8,70-79,560,5015.0,11.2
9,80-89,376,3238.0,11.6
10,90+,102,976.0,10.5
