,Aldersgrupper,Laboratoriebekræftede,Antal testede personer,Procent positiv
1,0-9,27,1658.0000000000002,1.6
2,10-19,74,1448.0000000000002,5.1
3,20-29,386,3839.0,10.1
4,30-39,492,5983.0,8.2
5,40-49,837,7394.0,11.3
6,50-59,814,7008.999999999999,11.6
7,60-69,546,5084.0,10.7
8,70-79,490,4058.0,12.1
9,80-89,331,2685.0,12.3
10,90+,80,770.0,10.4
