,Aldersgrupper,Laboratoriebekræftede,Antal testede personer,Procent positiv
1,0-9,63,2816.9999999999995,2.2
2,10-19,150,2639.0,5.7
3,20-29,678,7164.0,9.5
4,30-39,788,10172.0,7.7
5,40-49,1.165,12481.0,9.3
6,50-59,1.187,12395.999999999998,9.6
7,60-69,781,8673.0,9.0
8,70-79,628,6287.999999999999,10.0
9,80-89,432,3951.0,10.9
10,90+,124,1190.0,10.4
