,Aldersgrupper,Laboratoriebekræftede,Antal testede personer,Procent positiv
1,0-9,34,1924.0000000000002,1.8
2,10-19,90,1742.0,5.2
3,20-29,466,4678.999999999999,10.0
4,30-39,594,7080.0,8.4
5,40-49,949,8725.0,10.9
6,50-59,917,8355.0,11.0
7,60-69,616,5912.999999999999,10.4
8,70-79,534,4585.0,11.6
9,80-89,355,3006.0,11.8
10,90+,92,907.0,10.1
