,Aldersgrupper,Laboratoriebekræftede,Antal testede personer,Procent positiv
1,0-9,58,2528.0,2.3
2,10-19,129,2374.0,5.4
3,20-29,607,6401.0,9.5
4,30-39,745,9337.0,8.0
5,40-49,1.105,11525.0,9.6
6,50-59,1.125,11448.0,9.8
7,60-69,738,8023.999999999999,9.2
8,70-79,607,5826.000000000001,10.4
9,80-89,409,3661.0,11.2
10,90+,112,1085.9999999999998,10.3
