,Aldersgrupper,Laboratoriebekræftede,Antal testede personer,Procent positiv
1,0-9,13,923.0,1.4
2,10-19,40,743.0,5.4
3,20-29,188,1594.0,11.8
4,30-39,223,2283.0,9.8
5,40-49,436,2743.0000000000005,15.9
6,50-59,331,2351.0,14.1
7,60-69,228,1882.0,12.1
8,70-79,224,1867.0,12.0
9,80-89,140,1267.0000000000002,11.0
10,90+,28,328.0,8.5
