,Aldersgrupper,Laboratoriebekræftede,Antal testede personer,Procent positiv
1,0-9,23,1514.0,1.5
2,10-19,63,1257.0000000000002,5.0
3,20-29,328,3293.9999999999995,10.0
4,30-39,433,5136.0,8.4
5,40-49,765,6284.0,12.2
6,50-59,733,5877.999999999999,12.5
7,60-69,486,4252.0,11.4
8,70-79,462,3630.0,12.7
9,80-89,310,2447.0,12.7
10,90+,69,695.0,9.9
